"n","alpha_F"
250,48.9303257975418
250,54.7849177334991
250,47.8065830687212
250,54.9295991871003
250,37.5761751112931
250,47.0711016917919
250,50.5680652952111
250,44.8183575726583
250,42.1687151673912
250,49.4882816534524
250,43.172921824691
250,39.2543152191805
250,49.3057360568576
250,44.8009321070373
250,45.3429044472487
250,42.7198549473301
250,49.1446620655343
250,42.8958401637878
250,38.7830369726683
250,47.6840913458786
250,46.5169866347377
250,39.7993688925751
250,55.7865107838481
250,39.370012524272
250,45.5303730005133
250,45.2982930920288
250,59.4622834930485
250,53.2398999232446
250,51.7572853364971
250,47.7697193566838
250,42.0298469195402
250,54.7503697377309
250,54.8871631910201
250,56.0448321075425
250,48.7907311007321
250,45.5245726756761
250,46.1765056229693
250,47.8908709292145
250,42.3293890783345
250,42.4884915567785
250,45.4888613437594
250,39.0770541316319
250,44.5134852069411
250,49.218215647228
250,42.0037691780967
250,40.7361169462331
250,46.704192959308
250,46.2644360645802
250,52.3358341337514
250,43.8609565629795
250,48.2644945593982
250,44.4932413362198
250,41.1488474330746
250,54.9888102585618
250,39.9209377904172
250,43.0604594120035
250,41.9322587096563
250,40.4313684279488
250,42.808183949436
250,46.0018200635541
250,42.5461348772876
250,42.8662484085991
250,45.7230680058341
250,47.4634592894349
250,49.9092194167567
250,42.2632179140475
250,35.7521373496899
250,45.8249332764706
250,42.6707385890856
250,41.3464264588366
250,47.7490964329661
250,44.7178043989968
250,40.5213517587504
250,50.8945925687831
250,43.0468332075138
250,49.0066040739218
250,49.9165870809937
250,48.5950806854553
250,52.1806158832115
250,41.8711701409107
250,42.4850674305883
250,48.8060754711198
250,49.4713811175564
250,44.2470252994417
250,37.0582933092118
250,47.9251808249333
250,42.9024764494009
250,42.9750688887929
250,48.1048669857492
250,42.9016339462429
250,45.5330295223004
250,45.8278639690682
250,41.2159019363339
250,47.1151710506593
250,48.5932979922257
250,50.1610235062441
250,55.9241810223237
250,47.9710236480068
250,44.4555248046494
250,49.4093216009301
250,51.7975429507641
250,42.1376688617632
250,45.8766918017188
250,50.6383422122371
250,45.0236123926302
250,51.3199572048969
250,44.0319880817192
250,62.3483513095378
250,44.376123354584
250,52.8695512907954
250,39.6629179722557
250,49.3009006773052
250,49.7362364540289
250,42.1257312227836
250,41.1684597428188
250,43.8802926237486
250,43.8380196905804
250,48.384288735495
250,50.3117834681249
250,52.9721288536359
250,49.3643050401298
250,45.0453257930586
250,48.1286366017883
250,41.7942357873281
250,50.6551052921075
250,40.1738082839875
250,43.7127650329124
250,55.0429703523079
250,44.9693397003813
250,40.3662618058837
250,43.5300732472638
250,55.4863407535863
250,43.8066646014944
250,50.1687627831334
250,44.2597859486979
250,44.4452882727293
250,46.3121311186416
250,46.0523888689319
250,39.0083256482681
250,48.8535982634953
250,51.3883722316199
250,41.2443834333709
250,48.5686979179975
250,45.8530569818276
250,52.8872447259725
250,41.2108557516339
250,58.0555589747936
250,42.2935233544887
250,49.4729629911931
250,49.9912617639644
250,48.032345730766
250,55.7905981052284
250,40.5849668889995
250,53.4502890641246
250,43.3836283134037
250,50.0245633875367
250,47.995310304939
250,40.7161596013829
250,51.4919849111992
250,49.0784174004835
250,48.9167949202204
250,42.4210310465887
250,44.4310160713717
250,48.025390556076
250,50.8533332617481
250,60.1861344783409
250,62.9702801970563
250,54.5052826550463
250,52.6676279707521
250,50.3677300156261
250,46.4277696104901
250,46.7533608754009
250,44.1826520505132
250,40.5611508105342
250,55.7446430002713
250,48.5492623637467
250,43.4274408000188
250,44.7179920957875
250,44.4516890647261
250,40.9584026100554
250,47.4623449777478
250,39.6787454184293
250,51.1369189544761
250,49.1851135698774
250,52.0352480647333
250,44.0570360071329
250,49.8123393465335
250,43.9050231364268
250,40.7957512805136
250,41.7064698594734
250,44.8122170684224
250,46.6538349069919
250,47.8196334466366
250,58.4728367965539
250,39.0195099521006
250,59.7238285074259
250,51.2972679088477
250,50.758761869232
250,56.5242692495287
250,57.6653130791229
250,50.0611002390784
250,47.331597743767
250,47.5603866069853
250,42.4298458475874
250,37.7443830128432
250,47.0489983467462
250,45.6339363584096
250,49.3758858496176
250,60.4324196599131
250,45.4563538282484
250,40.4360395123203
250,45.4990766500323
250,36.4683872020993
250,44.8326566520878
250,45.7413679443821
250,40.0381693952916
250,56.31285770987
250,36.6690932765145
250,45.0797479153216
250,49.685256998472
250,37.70700725826
250,48.4671889747631
250,48.8696259938556
250,38.5779950831675
250,41.5948263472586
250,46.4041368762076
250,44.45481869461
250,47.1415935077259
250,59.1111341433957
250,52.3748815523917
250,47.5926102099028
250,46.7798759447533
250,41.3754427368669
250,43.9551467750124
250,40.865195046983
250,43.6175317270057
250,53.3108679577358
250,45.1863214732992
250,48.5766104212563
250,50.909471976725
250,44.0997616206044
250,52.3504044092114
250,50.4087331489201
250,49.8135128603951
250,58.6465451629059
250,41.247156300057
250,48.5705354675582
250,41.5840011739157
250,52.5548666505484
250,47.0555410982546
250,42.8174496091772
250,46.4381223712024
250,46.1773949100186
250,43.3487055018789
250,58.056809605438
250,45.5730384658132
250,39.2944040783422
250,44.8360038125096
250,46.5556776564467
250,65.6073044142047
250,42.1780756902619
250,43.3085732802568
250,46.4252269230968
250,47.0594726303253
250,49.9180569902296
250,50.6317954613299
250,55.4400461430878
250,41.8457793817383
250,53.0552367476017
250,56.441511444756
250,49.4706971933237
250,53.5517085464921
250,44.3555780791691
250,41.1389124836705
250,44.9593027669172
250,50.3769337739729
250,44.4864813100649
250,60.8367791848243
250,47.4323868754093
250,44.8791824561207
250,58.7496547289606
250,46.412011574195
250,47.6672509063174
250,42.8700412436057
250,48.1377610949448
250,55.102657603083
250,41.3952456832926
250,48.0578141493615
250,47.1930541089248
250,48.5879199543975
250,54.1175600681127
250,46.6309061750767
250,48.387680289096
250,52.3990966775513
250,61.8530074075678
250,52.1874826521171
250,42.2651513495765
250,57.6898260783878
250,49.7341037906478
250,54.1855200870878
250,59.1370849866926
250,45.6982471866325
250,41.2770540430094
250,40.7011466469049
250,51.8571144000597
250,43.5923424524937
250,41.675114629406
250,46.0000834244348
250,41.971545053627
250,45.9045477067603
250,44.7125450169013
250,45.1700005249693
250,46.6212600071298
250,53.7859515503474
250,51.9478454618045
250,52.86092940596
250,47.3789501607749
250,44.8995605331638
250,46.7158107381525
250,54.0763020684227
250,43.209432585159
250,39.6137950842103
250,50.3920860498548
250,46.7330381583894
250,54.2721983572679
250,41.2532172588241
250,54.6674725480607
250,52.6491055850698
250,43.350787121636
250,47.1875380163555
250,42.4454006535425
250,41.6918650499384
250,44.8452240855494
250,38.184398093152
250,54.0637746054787
250,49.968803318714
250,41.9499000725083
250,51.9136004185612
250,49.004941120411
250,37.3646998116013
250,48.6902587121851
250,46.0560012592557
250,45.7816524603456
250,65.8064297150763
250,54.9362499953187
250,41.3880280468379
250,45.1110690126123
250,61.2593042852978
250,38.0226549530348
250,44.1847408314362
250,45.8795438401397
250,43.0471632411335
250,42.4342691519892
250,53.3134873224178
250,51.8401659691583
250,39.3259581127523
250,44.1556272337788
250,43.6268189659783
250,49.8022159014095
250,48.3481478175425
250,44.2069698526615
250,44.1438429565554
250,43.600922208624
250,44.7358531521419
250,51.6234374240973
250,42.5087358528091
250,52.6026753748993
250,42.8365035863433
250,49.2224668081234
250,43.5038435325587
250,50.7466271680176
250,48.1181636545861
250,46.2094672044966
250,50.3530842840591
250,39.422444227641
250,47.1259103726589
250,48.9190362022077
250,47.1116295464656
250,54.3178473034613
250,48.0044958521758
250,45.4130432808861
250,44.0678666506869
250,48.2727954729843
250,43.1119020208594
250,50.6044225696826
250,50.2035803547847
250,44.1792370968024
250,50.7960100656342
250,44.8774991642958
250,48.9038342151067
250,49.7656234787184
250,45.5051610220432
250,48.9452757709005
250,44.3429200616052
250,48.6830560267196
250,40.6701313871175
250,49.0233737162276
250,52.61659864221
250,55.3097732374743
250,43.140242974213
250,42.9177098405834
250,49.7626980828443
250,45.4114291859663
250,45.2340569557329
250,51.3859385431752
250,44.257908744174
250,57.5159981865779
250,48.019311393287
250,62.4133259633482
250,54.6776006673295
250,51.77947439018
250,44.568208530815
250,52.234178950177
250,46.2952944411562
250,45.1105184295071
250,51.6309565609949
250,45.6422742625022
250,48.4513634247381
250,74.6858546558824
250,42.1318379557211
250,41.3750935470747
250,45.3761980327141
250,46.5292936270614
250,47.391099665985
250,52.5532390267776
250,54.5986784396428
250,50.0752757156139
250,45.3229748424256
250,39.9244607000504
250,36.8904674794521
250,53.303271072677
250,43.1156551196362
250,62.2262918787588
250,44.9825773801788
250,39.6796708225543
250,46.0707702771403
250,45.4099475582055
250,45.7184791296575
250,50.4366065528967
250,43.04476978772
250,38.5976998935973
250,55.506848186728
250,46.5303625590419
250,49.8553583288228
250,50.7286290630567
250,48.817380046597
250,49.3613323851715
250,38.5783991604137
250,42.7942112012735
250,51.708411278507
250,50.7329602764882
250,45.5039601387191
250,54.1207336893756
250,55.7999302687999
250,39.9668425731587
250,52.3356576097674
250,45.0962053601634
250,48.0017590476304
250,45.3756598423297
250,46.4211536414676
250,46.3306733181265
250,42.2131891053231
250,55.4332797665917
250,46.6317141415437
250,44.8840647362332
250,58.011353884065
250,40.8563845491744
250,44.6578086388024
250,38.5368383872339
250,47.4089830812581
250,44.7472971846309
250,36.2299617111925
250,49.4735332637215
250,53.2105601209215
250,45.9299292060113
250,41.9616928728731
250,56.7235873737519
250,47.6092404002765
250,39.1678525727294
250,48.78234474765
250,45.5661452174523
250,40.5785800232019
250,46.9903774804464
250,50.4160753983132
250,57.3523711846663
250,49.0640263293484
250,43.3357679327612
250,47.9886273538192
250,51.1956307751915
250,39.2760445435255
250,36.795163591694
250,44.7581755145557
250,49.4374654725047
250,41.2854387908051
250,44.1749152289003
250,48.2724196242505
250,49.754441116218
250,40.3070635414255
250,40.6877661970728
250,49.528071839813
250,42.3436819642789
250,40.090010423239
250,50.7729598627802
250,46.2215527318099
250,44.7148878226256
250,54.3082697965155
250,51.2270096213965
250,44.5538636947135
250,42.5241588760925
250,50.3767130207042
250,51.455209575715
250,55.3660991177893
250,41.8656480613729
250,41.5205539495097
250,49.5271762597944
250,44.5242959278734
250,52.2581520059259
250,43.2369154839937
250,51.1928576642514
250,42.1140878635823
250,45.3229425192487
250,40.5929774960618
250,44.6924849105129
250,41.3515930874042
250,39.835415258673
250,47.0544080066346
250,52.8814284801281
250,38.2573874099626
250,41.4021495944036
250,46.6403824891019
250,47.9953653435966
250,43.2436454307894
250,61.4948928485099
250,42.9833193339524
250,45.4552621750734
250,43.0295917576343
250,48.6343741916545
250,36.0502677453826
250,42.9545169610941
250,42.0732905084698
250,40.2728404627992
250,42.4869553574041
250,46.435825769755
250,55.6025869402044
250,60.7456251850149
250,42.8605808638265
250,39.4785718918442
250,50.9827498971861
250,48.3468485418483
250,46.1406393502817
250,44.4846112264137
250,39.9101674787985
250,58.2333698130255
250,55.0676208837454
250,47.0713319802629
250,68.0378398538418
250,49.2675906521435
250,43.9383205334696
250,50.9045181284096
250,49.9627868496361
250,46.4017557072973
250,46.7801142138939
250,47.016281768584
250,46.0445727936368
250,40.824551947548
250,45.0926360527723
250,51.3474742703278
250,43.4571609915796
250,44.6583507586859
250,44.092924140611
250,46.4048663426175
250,56.4186363032276
250,45.653303023272
250,42.4772092614857
250,43.2691914911536
250,55.4385162052717
250,47.3622281011435
250,45.5759305657007
250,39.4803068895746
250,51.7285416375944
250,48.1720424477053
250,54.1978247774731
250,48.2585694416513
250,44.0444074268202
250,39.6111080356815
250,43.1075501253978
250,47.5981781497651
250,47.7898620561601
250,42.4169962304152
250,46.882620141379
250,45.3990899306986
250,51.6823501790869
250,51.4207769281861
250,41.1261089151396
250,47.1850048700263
250,66.3640308720295
250,50.0063336377319
250,51.7898931025626
250,46.7849401005837
250,43.5355257785221
250,49.236811524539
250,53.8135337931733
250,46.5170318110637
250,39.8424228183674
250,46.1711643728597
250,59.54495839648
250,37.3871312585208
250,43.1341753792732
250,44.3244002470897
250,36.4726634234818
250,62.8566798237921
250,54.0840474411722
250,53.0093287235461
250,41.971500147194
250,45.3433312486674
250,53.0598299461338
250,45.4250043385791
250,44.714729300928
250,55.9506443883151
250,62.2265510973479
250,41.7060148143183
250,43.5248786958849
250,51.0382284677064
250,44.5632851720107
250,52.5395436520476
250,58.688526674009
250,57.4264440876328
250,51.0876450270299
250,42.1110938072724
250,47.848090621878
250,44.4735765408788
250,46.1010312953129
250,50.118585491472
250,41.8394544940418
250,45.1391469972116
250,44.2597780710869
250,52.1555330433848
250,43.2120960366307
250,48.7545364284165
250,43.7479327683727
250,46.2393538931689
250,52.9881740724966
250,44.8760918904227
250,43.4575226062259
250,50.8385639988291
250,42.9511976341284
250,58.7492421917256
250,51.1451591216627
250,45.8799082228356
250,39.7485769702437
250,45.9835980714002
250,56.2700321778304
250,41.3236788945042
250,32.9884341337276
250,45.3869877553161
250,59.8863745030774
250,44.9438990114885
250,44.6685962293753
250,44.3859743369133
250,53.7758720250729
250,46.1902908645945
250,51.0464936594095
250,47.1578133445183
250,48.4980292440993
250,42.4999226423172
250,45.3424709930034
250,52.1379706268422
250,49.8976900008235
250,46.8203327974614
250,53.4263885315034
250,47.9402032607441
250,38.6694686358957
250,53.3761540393249
250,55.5129669553132
250,70.5644593795699
250,52.9821313986766
250,49.0409133656899
250,43.0885506606096
250,51.1026952379397
250,52.0991539215521
250,52.5230951717348
250,46.0117559320378
250,41.1130212197584
250,64.7881612329892
250,43.5481714113352
250,39.9281975802818
250,40.2601699102071
250,55.1933432119177
250,44.5994799169991
250,41.989093325151
250,46.0015438513568
250,34.7980420241148
250,63.3971746755506
250,47.5525308919531
250,40.9862728933987
250,43.3234030321338
250,41.1838879692766
250,42.7785241211859
250,38.1352783563075
250,46.1594283768773
250,44.1340790743796
250,47.6729266220019
250,63.9307255004377
250,40.8981926670066
250,48.6899176046189
250,43.6603032310318
250,45.4052370374833
250,39.100763306755
250,47.21206822609
250,50.364304333232
250,46.7162512996025
250,41.9117731590808
250,45.4423143222518
250,46.8657131644941
250,55.1874659174739
250,52.9388638367014
250,54.408026017572
250,55.8895799889105
250,39.1470264840237
250,35.8703121490361
250,52.9933033737277
250,43.1853848875709
250,58.8651684203266
250,42.939867101612
250,49.6455436878953
250,54.9353294709227
250,55.663741499414
250,50.4197008639093
250,44.3083035188278
250,44.282305270619
250,51.1933630620265
250,46.7710112466341
250,37.610472929061
250,51.8362304298476
250,51.4209635490067
250,41.4425487243377
250,41.5237053836047
250,38.292318049605
250,42.2917455983069
250,56.1407611248927
250,46.5642524213394
250,48.9834129099182
250,49.0674796649143
250,47.2794551951575
250,40.499368026999
250,56.0747780088117
250,36.6758788573698
250,49.8045814627278
250,39.9121330655976
250,38.8416933852038
250,51.2478369440269
250,51.9323607756861
250,43.4521690774815
250,36.6355805379081
250,53.2240628603155
250,48.9565341488741
250,45.358711708633
250,61.0943300625369
250,37.7468084707424
250,53.3125003417959
250,61.8271839532842
250,53.6009640670168
250,41.2159411074888
250,42.4519780010703
250,48.8393665357329
250,47.0648097963374
250,56.2197621436377
250,41.1210835410645
250,56.0534579133117
250,45.6657794794352
250,53.8166823791228
250,56.3668670866471
250,52.6931030215781
250,61.9880861976132
250,51.4502094784166
250,46.0755914583987
250,42.1801253943201
250,47.1667855391754
250,42.9287967874944
250,57.7107831486154
250,49.2248088147201
250,51.7946493466294
250,42.23684083972
250,46.537955112129
250,43.9400991795966
250,50.4690893211512
250,47.2781071131341
250,44.4379068668324
250,41.2909888519552
250,45.6266829743644
250,44.8662198027871
250,43.4390342395123
250,41.6238377148696
250,50.944645138267
250,40.6879966256635
250,61.3221829757497
250,57.3903826392139
250,45.0630922029873
250,49.5148415768919
250,47.4319911584087
250,49.8415384814893
250,50.6690536007833
250,58.1147533187798
250,47.2554294981227
250,46.8025079791287
250,39.4831409025558
250,51.0098678245859
250,44.0424528818911
250,40.3378630400512
250,43.2562547476073
250,54.14458698668
250,52.0848715985088
250,47.5559943088337
250,42.0139825277511
250,35.1784727233966
250,54.4539789960341
250,51.232923430883
250,43.4999895506032
250,41.1807669169629
250,58.688913796574
250,42.5868575794967
250,46.6880821526038
250,45.3496727417735
250,48.5405262499397
250,43.1949684132022
250,46.0895841381087
250,47.1827791259582
250,46.4570363163753
250,44.5578370097307
250,59.8088929238736
250,46.4082043500094
250,45.5683441780808
250,48.0357126275423
250,47.6272816132991
250,49.0965652089956
250,39.4749760673351
250,61.1883134269325
250,42.5368995573378
250,48.0738037815875
250,51.8005744718977
250,41.3605810087508
250,48.6721182907121
250,45.1797601792633
250,50.9901684820333
250,46.7108172243991
250,52.087803746325
250,49.9848259435389
250,47.8723355769882
250,45.6162204638908
250,47.4066825827357
250,54.7188755196202
250,54.2255145045744
250,49.1617407953462
250,49.3256067367229
250,46.2793067152644
250,59.956636209175
250,45.7009229257069
250,48.8204760411269
250,55.297956198984
250,54.1228283030632
250,48.1398550570969
250,48.374809382401
250,51.1481154133878
250,49.5736363090096
250,54.4845439157198
250,42.4710731190832
250,53.1023350068533
250,64.935188268338
250,38.9242686347374
250,49.6171206935969
250,44.3219542457675
250,50.1667314247204
250,41.6275637738249
250,48.8822272623961
250,46.0151843916872
250,48.3853884373055
250,44.1355470633159
250,39.4858533344891
250,43.7807119323113
250,43.9864880093016
250,58.0449740264035
250,34.5826493956879
250,50.7581032205969
250,58.0128506262778
250,37.8589095685259
250,53.6000716506547
250,43.8507967117341
250,40.284270391934
250,45.0483362620861
250,38.8795039886071
250,56.2473375970137
250,48.2711557838208
250,43.8860778056998
250,47.9977369111592
250,39.9202899940575
250,40.2324614624963
250,44.0754997397323
250,46.2995715589782
250,48.8386421374053
250,41.9685251366595
250,63.5122620104803
250,46.5248933218917
250,43.9040701520246
250,54.7657956166211
250,52.36979801097
250,46.3856688718621
250,60.0562237724007
250,48.2328963933764
250,42.9772362313048
250,39.369995435916
250,44.6161907601948
250,47.0717542100312
250,42.7519763131702
250,46.1885143707158
250,47.2788098916185
250,48.9404941391023
250,45.0682561300391
250,47.6187484837928
250,47.4036758389977
250,53.5281642364239
250,40.6029754046141
250,42.7929992764818
250,43.1327761310068
250,41.3932498736552
250,44.5480069296636
250,58.8868526221244
250,37.9701445773229
250,44.4189896056497
250,42.4045308566388
250,52.2018785909225
250,57.9171808224504
250,48.3869348477346
250,42.3451706339126
250,45.2854852268262
250,36.2188875143479
250,42.9204897244664
250,48.4714714778235
250,52.0784887162288
250,50.245707156408
250,41.8025803704578
250,53.4072532444834
250,41.933433206936
250,64.380327824088
250,50.6997740947779
250,63.2482660521123
250,45.1986848571493
250,42.3170800402497
250,49.9945519640742
250,41.9789129976503
250,46.6180536555111
250,36.8185595036703
250,54.166919307093
250,50.0175389759955
250,43.9270051618081
250,52.7884576286655
250,44.8253363029614
250,44.1217868527831
250,47.0520608630314
250,50.9509290079797
250,43.728025470797
250,45.0850588656843
250,53.7862074864562
250,37.3172849681649
250,51.6569247742238
250,48.7219591618915
250,54.018026719678
250,42.345269893586
250,45.311419085562
250,47.2136048719467
250,43.9700430477613
250,44.0558205719618
250,49.3253909945422
250,48.0886562203233
250,49.7271665046825
250,53.224236893159
250,49.2457987796454
250,41.0886588897676
250,48.7693509468733
250,39.1769325884137
250,49.9105055743051
250,48.0240893431086
250,42.2047192017264
250,45.6231639784065
250,45.6371079851833
250,50.2765325715659
250,42.1051692025859
250,55.102389556633
250,49.1256722716655
250,49.7174601467778
250,58.7114245208012
250,49.7071830006424
250,41.7245158828282
250,51.0184452196232
250,45.671196203061
250,54.4391060714646
250,52.5985811056532
250,45.9739162315078
250,44.0347014552022
250,42.5908717327645
250,38.2040483336349
250,60.4699906760429
250,47.2182667266716
250,45.7609407361465
250,40.8536638617658
250,49.0337754940695
250,38.0662505163137
250,47.82583894386
250,44.9216763191481
250,37.4947691830888
250,44.0973129066312
250,53.7019401001255
250,46.3145163547631
250,54.8204780552958
250,47.194254753859
250,51.5285813186386
250,41.0655305351642
250,36.6369149250666
250,41.6311309962143
250,45.1308858870669
250,42.6361339520027
250,46.8486237635612
250,50.7472060770778
250,47.4266496728773
250,48.3028616509744
250,52.186963433174
250,54.3861340303044
250,39.5164060823986
250,43.5620844680488
250,42.8464084360507
250,54.3945531977134
250,45.1077517933986
250,41.6504154345603
250,43.8790159938322
250,48.5261446472695
250,52.4566362348612
250,45.2003189400783
250,46.0631421253175
250,49.9605617888748
250,51.6784314248507
250,43.0839030267821
250,43.333439228264
250,54.1033222450948
250,58.2441006494255
250,66.6144485159082
250,61.3973214825832
250,40.459499824896
250,49.6003461615712
250,53.4412242738177
250,52.8461853255376
250,56.8128533165755
250,49.194166007583
250,54.9673365847187
250,47.9270282240278
250,47.8558424712066
250,58.0647527302254
250,45.6352000192271
250,52.9692257886464
250,49.4128927780769
250,39.2834550040894
250,39.2372475040212
250,47.1160820465188
250,49.1558302859034
250,43.979439711681
250,43.8985172699434
250,49.3246166207528
250,49.1198588936816
250,50.2390502116455
250,45.1935180454615
250,46.4097991461504
250,46.985712000187
250,44.7847837472524
250,41.6557930025919
250,54.5161313845425
250,42.8954202725224
250,42.7192669701815
250,62.2381019528942
250,39.5675217985469
250,48.7445911725697
250,40.7234725840982
250,42.183467967736
250,56.5288583764878
250,41.9594554627682
250,46.4377038200013
250,41.1107007642886
250,50.5602287408125
250,51.8979511179189
250,42.7603871004908
250,44.2380599074189
250,46.3914445007257
250,38.0278412554931
250,47.6172478410763
250,57.643404245548
250,43.7968077705691
250,63.9212416731658
250,43.3918874063252
250,43.0273185754188
250,46.1387709002574
250,60.434592552762
250,45.2193114720875
250,49.3528955102464
250,45.150565398055
250,42.6615213733072
250,53.6710890373254
250,44.1557193334974
250,47.9986069552642
250,39.2412003420818
250,43.0525062177204
250,43.8355219235999
250,49.3702062090887
250,55.3619906594661
250,44.5913361194069
250,54.9340904592928
250,48.59657213539
250,48.3597441593289
250,54.417652740553
250,41.5545420435548
250,44.4289389722656
250,54.2685504087352
250,54.5865786453686
250,48.7936939486748
250,40.9600436270515
250,41.5751835117453
250,44.977380604129
250,54.2108842487978
250,43.0876575841966
250,50.3387782149018
250,40.376676192689
250,34.33932100052
250,52.9187725715357
250,44.948049571139
250,45.3541803007902
250,44.8482985904267
250,46.2199000224204
250,50.4586942594475
250,48.0408623308198
250,53.0265993920249
250,50.2123085751698
250,41.0588186917417
250,43.4405811461246
250,56.8653147492412
250,50.4559793557236
250,37.0265664122464
250,64.7591301878308
250,53.1694054565578
250,44.2754569924553
250,60.4308313555731
250,49.1664974488902
250,47.680941284702
250,42.8999524244965
250,46.0214987030635
250,43.747819317584
250,47.4768304854233
250,43.0663657464489
250,46.1634498859127
250,45.4959734534827
250,42.482903531174
250,45.7709914565707
250,48.137829035051
250,45.9949612478479
250,50.2017646927071
250,40.1684652895913
250,38.817005920222
250,42.9091099815796
250,58.7658069363385
250,49.642684851068
250,44.2014056535264
250,51.6979393435232
250,42.7068331423557
250,51.4556999967258
250,47.0611238860089
250,44.0165046686673
250,40.5832660192266
250,40.9634366448337
250,47.4661467622701
250,50.4694297026485
250,53.7727169045841
250,48.0846832110938
250,49.8953650132139
250,56.0483340986009
250,44.8840332517158
250,57.6493252155371
250,52.2418828442206
250,46.7215319069934
250,52.9028383462522
250,36.7974348879414
250,46.6633547181472
250,46.4340714017098
250,46.7441675594443
250,38.2972259447304
250,48.8834925719876
250,47.1586436133686
250,43.4366768282601
250,61.2953892297879
250,61.6105583115414
250,39.0035878794434
250,44.3709020109209
250,47.7194371004356
250,39.4812477925012
250,51.3917522819473
250,76.3461060464973
250,40.1525438842972
250,50.5856966572032
250,57.1990432214928
250,47.389257113314
250,47.0432993150846
250,41.408616171387
250,51.2903818477424
250,48.8782991407667
250,60.243287686955
250,44.8698654115015
250,60.1630206849578
250,50.6327467751018
250,39.4514822254129
250,54.4835951403605
250,45.140849395257
250,45.2356369735438
250,47.9527001950028
250,43.4982427022664
250,52.7183276053481
250,39.762602932896
250,36.9248062588042
250,44.3506006904784
250,42.5554610599951
250,48.5913372231229
250,49.7186989588389
250,51.2836761019202
250,47.1183949486426
250,44.9250956296419
250,42.403306825207
250,46.993554710965
250,59.4009825330698
250,47.8853063265104
250,39.9599144365735
250,48.6833979389636
250,45.0918326391075
250,50.1861203810376
250,45.5126696396628
250,56.4812175998825
250,34.9595718338239
250,46.9712410394308
250,47.1417871805247
250,44.7334368529516
250,51.9992774115118
250,49.0985976052995
250,39.3699714708468
250,50.437180663664
250,44.4735429068929
250,40.7978743189229
250,49.7636453932388
250,44.8443607518321
250,43.7584809025443
250,44.056550136952
250,47.5301382858181
250,53.538472112233
250,47.6161966299951
250,53.62760085493
250,40.9890843665506
250,48.0810560547138
250,45.7417008314461
250,46.3728652747701
250,40.6811677066798
250,54.0400190356636
250,50.123419264742
250,45.7199125430765
250,46.8256832193206
250,40.3197720147229
250,58.4406731816237
250,46.7678505679557
250,38.0744622579399
250,45.4021120177458
250,48.2456426788464
250,47.9735918489168
250,63.8940277936915
250,44.9226422649275
250,44.3765545506697
250,46.1256797436405
250,45.5435146077035
250,42.6370854075531
250,46.7973710481144
250,42.5112177426083
250,48.2233175688878
250,54.7672610910474
250,77.492511438487
250,53.5809748343639
250,48.158610675686
250,55.1296570527246
250,45.692611763338
250,51.5302630715129
250,52.1980678665494
250,44.6534441909069
250,43.2713737441523
250,38.2775612392592
250,44.8920824754834
250,46.1249007936465
250,43.8464161706183
250,46.2118349786194
250,51.8610350754324
250,47.859877420526
250,43.939704223343
250,55.286878161395
250,46.2064704548758
250,46.1466834612497
250,55.3638797565718
250,39.9481045172851
250,46.0239035805351
250,43.5827245407417
250,50.938116629241
250,38.1962444655553
250,51.034338968675
250,46.3718198726034
250,47.5415715108425
250,48.3283559628536
250,51.9872683666431
250,74.2029377976963
250,44.683906440247
250,48.1963036848595
250,39.6784605785201
250,52.4663286630273
250,42.96987641176
250,40.2302554553348
250,43.7855154319136
250,49.9340530982621
250,45.0119584768596
250,41.5939006879993
250,41.1308712559633
250,41.9259780325667
250,61.8363603154614
250,47.9913655334091
250,53.6900609292914
250,46.1062207206725
250,48.4646242883789
250,47.2129068991142
250,46.1558528412098
250,49.4113719805002
250,43.8484501525765
250,46.058687372283
250,53.4240131057551
250,55.1974985856333
250,45.3036864046143
250,39.5769234607997
250,44.2572923889061
250,43.8393367016944
250,56.3684520580513
250,58.4825965595845
250,48.0864267512963
250,38.0517458617707
250,49.8185323011116
250,44.8153628419393
250,42.7301769909768
250,46.4204421886229
250,46.4184571266884
250,45.3595390254236
250,42.2689661479455
250,42.8315156336205
250,42.8997300176753
250,46.9757710955529
250,52.2212606055441
250,48.8067897357802
250,57.6645222842677
250,41.2456614256318
250,43.8536755395635
250,43.5088256487568
250,46.8903514046816
250,42.9476153512526
250,56.8895696436115
250,41.9690562731388
250,52.947269077944
250,48.4483272433984
250,60.0276413654854
250,45.1482379202973
250,41.0321685740443
250,40.1802779627558
250,41.626643074178
250,41.1318383004221
250,49.0854185958848
250,42.6628624339247
250,48.5976663811474
250,47.5718458279312
250,41.4115434887426
250,51.6483752087422
250,41.4556381115764
250,41.1842334831981
250,45.1719249738075
250,58.4790661297244
250,46.8482879564516
250,43.259947358565
250,47.0665157548992
250,46.5213158449381
250,49.4286052366333
250,53.5873089467716
250,43.6179516303685
250,48.2830636247106
250,47.3061183844622
250,47.1557310309012
250,48.2204573855733
250,38.2432042799901
250,52.5133145015443
250,42.9592557957374
250,48.6697587384136
250,41.2208320618194
250,47.5663536373652
250,45.9589534923029
250,50.6199637239004
250,40.7108317227463
250,39.5979159080244
250,40.4210050227846
250,48.574273419358
250,46.0832886991394
250,48.8763298705688
250,43.3626617557795
250,54.5598937104454
250,47.5187298741399
250,46.6062582077131
250,41.5657884385957
250,45.2050029633323
250,41.3584944223608
250,57.6308714058685
250,57.3334308377293
250,43.9270624988387
250,42.1039503943682
250,40.8891052763528
250,36.6577581486252
250,47.3844872361557
250,43.188006927661
250,45.0175852987891
250,34.4041086041627
250,58.9053981378652
250,44.3114272546818
250,51.6933842158173
250,48.6913234376602
250,49.2702495860851
250,39.5140519286861
250,53.6881297371233
250,46.4998101216917
250,42.6116649249421
250,53.6470467367976
250,41.8535903084162
250,50.8565828553219
250,45.37893846717
250,42.5510756664287
250,41.002197931749
250,50.4001722508608
250,43.9143880049361
250,42.2372309078081
250,50.6265596003981
250,51.0471829317499
250,49.8176612164893
250,40.1278630564365
250,51.9440824873599
250,44.9426912866322
250,46.2724701128981
250,42.8504670584991
250,37.6586998365873
250,44.5727720932311
250,51.2626486696238
250,41.7367836869996
250,46.4579217155023
250,49.8491798015821
250,44.2176679010964
250,48.9236036593169
250,45.059222085802
250,43.1672940190644
250,37.0612596343928
250,50.8157919708967
250,46.2718928512494
250,44.8617377658593
250,46.9221759580979
250,44.1381393820652
250,50.0572255528717
250,53.2531586256816
250,41.7434815000223
250,39.3164109338483
250,44.3441527071783
250,50.5132454692429
250,49.6378805835376
250,44.187285429771
250,51.5474391620373
250,55.541498523762
250,47.581656514892
250,45.7639191406534
250,48.156778507199
250,48.5160593074142
250,38.2880338444583
250,43.510241091591
250,56.0134777793285
250,54.1131262559331
250,56.3750605585857
250,37.8191783860011
250,62.3545565689478
250,35.9511030213077
250,53.1490525846977
250,53.3153204510381
250,50.8992914893563
250,38.0774691151484
250,45.5503464690728
250,59.3603753012493
250,42.8023707693293
250,49.3329986952603
250,55.8575701358511
250,51.4330754731241
250,48.6161442851061
250,48.1477733182349
250,51.1659652690974
250,45.0122530123777
250,41.5584402359251
250,51.9410714240533
250,51.378566661518
250,46.4346982667914
250,51.6196948746123
250,40.1389553640496
250,59.0261944228398
250,61.3982545170642
250,43.9403161108507
250,36.6517618370288
250,42.7386812741758
250,50.8228721167212
250,49.8469885188973
250,49.8094072470583
250,44.7719417965245
250,39.4177579518218
250,50.9856500652887
250,48.4799562917403
250,57.3688569738976
250,44.1490962456244
250,46.9532516963132
250,41.8728323904043
250,54.5207029415991
250,39.4496233733557
250,44.9248372403043
250,46.3209573254732
250,45.608171776634
250,48.4582109986539
250,38.9642025994893
250,47.0791168428715
250,53.9789760050979
250,44.2704387901193
250,49.3925214835066
250,50.3166339043094
250,49.7844999046245
250,47.6185065583315
250,56.0804065171379
250,41.6802196163068
250,48.2207520671417
250,49.8363175357079
250,45.902252802585
250,46.9637936584638
250,48.3356897161457
250,49.3998140438094
250,47.663751186786
250,38.3589871792434
250,44.1991092285367
250,58.6482963568647
250,49.6505138057567
250,51.9189173097394
250,50.3528987932346
250,43.5289375214541
250,47.8748289771043
250,48.6410141273504
250,45.7210696056392
250,45.4580376780467
250,40.1282121029159
250,48.8142581238844
250,43.2697584228316
250,42.967926476544
250,43.4920657458846
250,40.5992967791212
250,53.4513714018676
250,56.727459792223
250,37.4529153019876
250,45.5350194605803
250,39.8233532504388
250,42.5289430565406
250,44.7019038080555
250,39.9154150621187
250,47.4454608116822
250,37.0495049409422
250,54.4400236631079
250,44.5293498703196
250,50.9241708649306
250,48.5266017296224
250,52.6250349956774
250,41.3840798452516
250,39.6318197541566
250,48.5380878083769
250,38.0368245969075
250,51.751546614118
250,42.4815837370405
250,40.306388298503
250,42.8722690883843
250,50.0355306726059
250,57.3823150292228
250,51.4263033719231
250,53.2179533229651
250,43.816078146998
250,45.7881227011438
250,51.4679915096494
250,48.6523956910125
250,52.1422995681049
250,41.6314010329607
250,52.7116762623917
250,46.6622363882063
250,41.8099883649584
250,54.0546797860802
250,51.0668237973987
250,54.5785094511102
250,42.0970936972022
250,49.1209580165044
250,46.333063461131
250,41.3350294359463
250,41.9708010550059
250,48.2413317682617
250,47.7540686078786
250,53.386006299354
250,53.9232709004079
250,49.2249636209585
250,43.3767523223168
250,42.555813480041
250,52.5269517525549
250,47.8783469257511
250,50.1415381891004
250,51.2729945388443
250,38.3980013147322
250,50.3132864517175
250,47.8133655072431
250,42.7330315754975
250,47.0519557410996
250,45.2498567142211
250,41.0793050196893
250,42.3305695240329
250,45.7246559270982
250,44.3545814893327
250,54.7761860441107
250,41.1310793698544
250,47.3415407716772
250,44.8258342366802
250,35.8984896316264
250,49.9784546148863
250,39.6258719333881
250,43.3583718152533
250,37.4661322186838
250,49.7787397886131
250,51.2546960395478
250,45.2033797521109
250,44.5244138042745
250,45.8797936142604
250,46.5678726986754
250,44.7078390271639
250,43.5707203644748
250,58.1162243156219
250,41.044082722525
250,45.4523853207317
250,43.047581139038
250,57.4797603530882
250,42.5223863241922
250,50.2202750825274
250,45.395820173939
250,49.0316492619818
250,45.3957324745073
250,51.8843897971745
250,39.3133853356505
250,55.2613270665338
250,50.4718877274691
250,44.0463019181292
250,49.6624016070253
250,43.8518526237826
250,51.0238210731719
250,47.4704192371097
250,51.320763789446
250,47.5888956818281
250,49.1544091444159
250,55.1404112037279
250,50.703040253914
250,47.1977187686371
250,46.5785578016993
250,52.5760518832578
250,49.6884525565163
250,42.060061225227
250,51.9404257338989
250,58.5868276628578
250,45.0418076129171
250,40.8581633911124
250,64.4368282734386
250,50.0141653706847
250,50.3748167529401
250,40.995011776397
250,50.1968211515971
250,46.1524734691563
250,46.3172761490904
250,41.7602629804295
250,65.9543904148753
250,52.0670475786061
250,40.8905476174995
250,56.989717961025
250,46.8481189871711
250,49.8327814520498
250,48.8623473119145
250,48.452845410323
250,48.2472994455928
250,46.5134172002822
250,52.2571970019142
250,51.9562776975442
250,50.8810429395428
250,48.0466890502423
250,46.8886489362372
250,50.6090426882911
250,41.2234574677738
250,36.7270729766376
250,45.8272920951685
250,42.3631420493435
250,39.6108236501133
250,43.1787715148388
250,44.4029733825822
250,43.6684227400153
250,49.7551097760347
250,61.834773250763
250,54.796116621432
250,39.8248127954452
250,46.874410431363
250,49.1068867839927
250,44.1139250895179
250,56.7365678218184
250,52.358220136375
250,56.008300778715
250,42.7736583720739
250,46.3255299994647
250,44.1586004623483
250,46.628411612983
250,55.0028111670758
250,54.3690843645619
250,49.3650407760843
250,48.3981596589385
250,58.2109625504127
250,48.3197413762485
250,36.7033039776051
250,49.8836455573022
250,49.5821546563115
250,41.7283339128979
250,48.0436678467362
250,40.3989888042948
250,46.8841180421005
250,43.8517437966848
250,43.7677273009241
250,45.8036919868495
250,43.0084698672837
250,42.2084234872865
250,44.4979891544092
250,44.8576158641891
250,42.2148500121748
250,41.1656541387322
250,43.1010078081493
250,44.3434117352543
250,55.7795929218092
250,53.5185731237575
250,46.5818609664119
250,51.1061022993589
250,48.8566184293739
250,43.4907967301761
250,39.9936235922256
250,49.9478135512155
250,45.0851538285396
250,41.5017112768646
250,36.3114059671948
250,44.4689858837934
250,51.7808957280297
250,41.2949878294538
250,40.3237048122533
250,44.4229922042838
250,40.3384782802727
250,44.6528881162241
250,47.5220468505997
250,40.7655433799197
250,38.1980499731144
250,52.1553073221611
250,39.7500721192605
250,47.1033715390193
250,56.90342410223
250,41.5747107710436
250,40.6744471865168
250,48.9373258556666
250,57.602113088813
250,41.4699876030385
250,44.3940948114028
250,48.8674053627998
250,46.1729729725124
250,44.821040908729
250,44.9290080531301
250,41.7391852601156
250,73.3316408397622
250,53.1479999217425
250,48.4756031662677
250,47.9402240391454
250,48.9186819040517
250,43.7912097741567
250,44.6714236172501
250,52.1286087880742
250,48.3992896510053
250,48.0315712655604
250,44.1810155466345
250,40.4780590241896
250,37.3091646957046
250,48.8448718911489
250,43.8931675977634
250,51.9673044760425
250,52.1681740625511
250,52.1750615395686
250,46.0794314726718
250,49.0600313606384
250,50.0641993586245
250,47.266409034527
250,49.2566162207528
250,46.9954223613258
250,42.8123239389207
250,54.3643007632321
250,47.3616241518272
250,58.0726413785091
250,53.4155607601812
250,43.1945594478546
250,43.9355293907957
250,65.9863130075821
250,59.7156990543482
250,45.6061144942797
250,59.1575404020951
250,39.9575700763444
250,50.681309143916
250,57.9731025161734
250,45.168485444296
250,45.9517617369074
250,47.7058254817647
250,62.3533968942068
250,38.2149352028113
250,42.7255160201306
250,53.2649204869253
250,55.5236294898423
250,44.2373099089179
250,47.6363883529454
250,53.0995398361607
250,47.7643508239825
250,41.7279811345047
250,40.4757543051072
250,49.7115339628164
250,50.271317347464
250,36.5876387715392
250,46.5923972382965
250,47.541783658074
250,50.7761949519917
250,47.0352033808253
250,34.9269721205856
250,49.758032014554
250,49.7113717258775
250,48.9003018068875
250,45.2562308773901
250,36.8090447164681
250,43.8610914255025
250,39.7247880252709
250,47.7997436593979
250,50.3581213129421
250,52.7728837401216
250,38.9396650952334
250,57.0206585263916
250,40.216729929573
250,43.9424594208773
250,39.4025127641649
250,44.2731254930884
250,49.3511191874218
250,37.7694748405208
250,38.9980607970622
250,63.1888579375164
250,44.2874533804679
250,40.2720706525814
250,39.8521891724122
250,39.5548356008173
250,53.2311206409791
250,52.449767938309
250,43.1122360470253
250,42.692822789302
250,67.1282535942807
250,42.8114834967614
250,40.1098622589708
250,43.6259387758523
250,36.8738069154326
250,48.0197772656731
250,54.6214664524608
250,41.7199845174447
250,45.3952049578892
250,42.9142981545177
250,50.6547018470583
250,41.0018466779671
250,51.3841758293374
250,51.4325221498746
250,40.3593210559648
250,56.9129750954035
250,42.6608101730306
250,45.6188759487461
250,42.7680947819623
250,50.5279743244607
250,58.6975377288998
250,39.5580702563373
250,43.987571627658
250,49.6980998918586
250,42.9097386825286
250,56.0902776208593
250,50.0014614194663
250,64.2285278939189
250,52.3487506285435
250,41.2659679529095
250,51.8201300700322
250,48.4862161095635
250,44.7494330018252
250,52.620839140724
250,47.6157460106068
250,53.154305239688
250,46.2922069155175
250,41.8530500244371
250,56.2938052378745
250,39.3240814596971
250,50.6540804731112
250,50.8788119754538
250,41.1526094706544
250,48.1355889106707
250,63.6655532594356
250,48.5871983410244
250,47.4611330332722
250,50.7446926959639
250,38.7579043424574
250,49.9078830313501
250,46.4048586851191
250,46.5780870906066
250,37.153580688801
250,48.0423484669112
250,43.6204021176875
250,56.7315951333771
250,62.9759761905177
250,53.02021578233
250,42.9699771334734
250,54.8891168631375
250,57.9619114545457
250,38.3277126475125
250,60.6051801872718
250,47.3024911562263
250,56.2063538814084
250,37.6436838525945
250,42.8074837677021
250,51.3562152698672
250,51.3400470080717
250,46.1257849561825
250,39.8846668560279
250,56.271737005745
250,47.5523723371563
250,50.4954844223596
250,55.2090042507773
250,46.6845321725219
250,45.8656474987199
250,38.2427664786597
250,46.9372484380272
250,41.7177467416815
250,67.3409470256415
250,37.9804642381793
250,42.9701986421186
250,40.2701872439007
250,48.3811531671153
250,44.7564823321973
250,46.4439962764689
250,47.1256976196093
250,47.1600525074395
250,40.3447654547294
250,42.9204691558445
250,46.094726615763
250,45.6437142166985
250,43.5124337369133
250,39.2501039485847
250,50.7847028235229
250,52.6527693999822
250,44.7513055206672
250,51.7510552144442
250,45.2071438183339
250,36.2754821383437
250,59.1924389850202
250,40.5616494583339
250,53.6975609656749
250,45.684482603787
250,45.2042112794947
250,42.4577525708439
250,54.9402522635897
250,48.0564743788954
250,46.922013821897
250,45.8071973608215
250,48.4108463622969
250,40.0730450413173
250,51.3708075756519
250,42.4790257746851
250,38.7858160571262
250,52.7661655371287
250,60.0900416768657
250,45.8446605119601
250,58.7043863262499
250,50.0240460121638
250,45.8993346474326
250,42.8679061385219
250,45.1780571059212
250,46.0309365300598
250,53.9014130078722
250,36.8193492776244
250,43.3749096761053
250,39.8308912169143
250,43.5172891056263
250,63.162846640485
250,48.8174852799692
250,44.7329603799263
250,48.5236819656016
250,44.636309227563
250,40.1378888891048
250,39.0597481670789
250,50.0375247422766
250,48.6678345574459
250,56.0975457247025
250,46.3615820587736
250,49.7237792410724
250,59.0596927007976
250,40.9235948503098
250,52.9141028075207
250,53.2419089595436
250,40.9503465125099
250,57.6688179390153
250,42.8015930912873
250,41.1169469499976
250,49.142781897877
250,49.8499455335361
250,45.8421354282404
250,48.4620237101911
250,44.1228923087885
250,45.0145259017128
250,49.7616148565951
250,40.6526362020017
250,45.374993769105
250,49.5106010582756
250,44.1883095578165
250,59.8512303497049
250,42.8064930139168
250,47.1020672188347
250,42.5573529604355
250,44.8776394200503
250,35.1242384222637
250,44.6641180725071
250,48.2539328198377
250,63.531450757483
250,54.2115717952926
250,48.1404817955717
250,54.7719553015691
250,58.4627012392247
250,56.0703478358388
250,41.160177315778
250,44.444784676668
250,49.3671737979526
250,43.0510305384141
250,42.4620063822145
250,49.2831443518801
250,42.6595913173836
250,53.009259694174
250,47.1536913367357
250,49.2473064052203
250,43.7427092960798
250,51.6515397117469
250,47.2663040507772
250,43.6128781910185
250,45.2304688291344
250,45.4410558436507
250,42.7306369542341
250,50.5143617582564
250,56.5575594430947
250,38.8300672748337
250,39.4859908465636
250,39.0933679069905
250,41.4440560431996
250,42.8201232291838
250,44.3267960439456
250,44.5716395388605
250,54.9466427977333
250,42.3762942399226
250,48.2725334678378
250,52.4978642326381
250,55.5348967515745
250,47.0789352710281
250,48.5420860097206
250,40.3489000281696
250,45.2988523617457
250,45.2874448684413
250,59.1900036216445
250,50.1738553629415
250,54.4450643362082
250,60.2121651094443
250,45.4260090055631
250,45.1711308386755
250,50.1938388343089
250,51.9727867605004
250,50.4382627073843
250,47.6371659893901
250,40.810533841788
250,43.5682583189589
250,40.2275254352402
250,46.9452887453384
250,44.863384879327
250,55.7590900537387
250,55.7205840023566
250,49.3747320414619
250,59.3051318325614
250,45.3395261755368
250,41.4175781408059
250,40.8061428453258
250,38.1009210378267
250,55.9924099835542
250,45.3189439749494
250,48.4041583315678
250,46.7484855840993
250,51.0682503878477
250,48.9222421809645
250,48.0087763651892
250,53.1919774908752
250,66.6456546165479
250,42.3881599557538
250,44.7811377877966
250,45.7855650375099
250,58.98390976572
250,45.3462308386497
250,40.6845056390748
250,44.2494309087437
250,41.6562605898768
250,53.494181626899
250,52.0369167875513
250,65.0030099409537
250,42.3152892092929
250,46.7386676910854
250,40.130621151648
250,48.3849991995561
250,42.8486926785906
250,43.3169676307426
250,50.2504939911352
250,42.1484299491077
250,47.5216253928207
250,44.98458773295
250,46.5417602852008
250,56.3381225072093
250,54.0496900653502
250,48.7447554844322
250,60.3998799477121
250,56.5970059128358
250,40.6463567644245
250,40.4463513497657
250,44.9967913077058
250,42.1497176424183
250,39.189273298868
250,51.4622463727808
250,41.6704095411898
250,41.6038796842046
250,43.8558609453896
250,44.8029337475005
250,48.4830651200728
250,41.6565017430035
250,40.7126133211696
250,45.9749663252687
250,52.8424518037325
250,46.9895198848348
250,47.785289015922
250,55.5740179833002
250,43.5412162914915
250,40.3821944489491
250,41.2343180546274
250,46.697737679722
250,38.3237657939852
250,43.9447620760511
250,48.4353638595792
250,44.3595433956375
250,57.0810966708971
250,39.2042587641951
250,51.99729018576
250,41.488635082791
250,48.7976145002301
250,40.3279708239989
250,40.3916442445131
250,43.5234312089436
250,51.4907245660001
250,51.5441441146782
250,43.5476491879046
250,43.1577498431699
250,45.1413272399855
250,45.2152894491166
250,51.9030524821864
250,56.3496817625001
250,41.4045717726052
250,53.1725670305843
250,44.0678707706688
250,41.7626241709382
250,41.8990332222361
250,38.0424896886549
250,64.5184872647834
250,46.0266377233292
250,45.2560902913088
250,44.986337432374
250,43.5947812682107
250,47.1805044667964
250,42.9549347772501
250,39.8619556465679
250,44.3260405533811
250,45.7640755703087
250,49.8048341230147
250,44.7000006538484
250,58.2914527862199
250,46.292758031965
250,52.7766773577473
250,44.3292710503991
250,42.7065342308569
250,43.5598739852594
250,47.5655750204586
250,39.2381069384054
250,40.6506661747141
250,44.8892298627999
250,55.4791969129444
250,39.6188649197258
250,52.9036001490526
250,44.7355337202031
250,68.1517282702985
250,47.3120990557284
250,43.8871263219041
250,50.492094672818
250,49.7247263144021
250,39.4452790279234
250,52.296283709494
250,62.5194932220192
250,51.2069633033329
250,43.5539133517576
250,66.5440267913106
250,44.2678311174621
250,60.3691524040759
250,50.6656510086918
250,44.2303768947319
250,43.572756559184
250,39.8872717872308
250,49.0464661907029
250,62.4368998016914
250,49.8913707432456
250,45.8282570172549
250,51.9485614553381
250,50.2313215270578
250,38.708455696819
250,63.0823518720807
250,47.790592591853
250,48.8456691948119
250,46.278996935483
250,46.8231844580791
250,52.7025527031467
250,43.0548170167922
250,40.7797343820662
250,52.8407345796999
250,48.1643241863772
250,43.9369619174002
250,54.0828099113758
250,53.4271587027456
250,62.5300785687138
250,52.1947395449588
250,41.6148010081499
250,41.6948660116773
250,46.8534567015177
250,61.378164801205
250,46.8965020549547
250,51.7338659590155
250,50.2622705373989
250,46.9961526568578
250,50.5402313892675
250,47.7615071271028
250,40.1065300285895
250,47.5157374998519
250,39.9816051220242
250,48.1162863119098
250,44.4069660499603
250,49.8683889313279
250,47.3256153995273
250,48.0996115639255
250,43.8959112823886
250,41.1906133206883
250,41.8732366140111
250,47.5852189932207
250,38.4032817682378
250,48.0066322371246
250,44.4752486322045
250,58.7921722553431
250,39.7181503170848
250,49.0202235095116
250,51.3746239078378
250,44.5223544788865
250,55.6597872648456
250,46.2760265995415
250,44.4866372031517
250,42.3073779841653
250,41.8178370079031
250,45.168888582392
250,48.0782801366043
250,55.4276979907248
250,51.1522735957871
250,41.4936772256587
250,46.0813945666532
250,46.0005979217915
250,43.0148430586179
250,49.0534376979515
250,45.9008339197118
250,44.7054554911831
250,48.4016712721367
250,45.18293096824
250,45.1735411166296
250,50.5549140284958
250,62.7220812352978
250,48.124778302437
250,43.282059086769
250,39.2618361241771
250,40.4071343920299
250,51.4007873117137
250,44.870888982101
250,42.1479853555633
250,69.0663776294427
250,53.1316922812638
250,39.6228351265662
250,44.3016952035911
250,48.7728898288439
250,51.554050589424
250,47.3698006247589
250,47.1341720572043
250,49.4895416416839
250,42.2212726733717
250,43.5943768374137
250,47.2329835239471
250,44.2991834212542
250,45.0196011996119
250,41.0897560997256
250,42.1326106645801
250,43.2508796104974
250,54.2415142101588
250,46.3550681956458
250,49.3310044417768
250,52.7789493366748
250,46.2725553383939
250,67.677707277106
250,43.7747157585047
250,57.7768617861672
250,49.8571939574761
250,48.4383659982109
250,47.5111754390883
250,48.8396228735248
250,51.8804034733861
250,50.5633422155479
250,43.1380269587931
250,56.0322553664419
250,38.1035008921653
250,43.6178155474882
250,42.0371551519191
250,38.1255254456852
250,61.6296793992
250,42.1519884768418
250,47.8583921147495
250,53.7369755996026
250,44.0361744692814
250,49.1691119015972
250,48.6353753334707
250,35.2056108573007
250,43.5875861452456
250,50.1990065283531
250,43.0494305570179
250,49.0484180267509
250,47.2321293029304
250,49.5533488370591
250,38.7533714908903
250,47.7464577012539
250,43.739603207888
250,41.894797029793
250,50.6293883146973
250,47.2554547235936
250,55.9198978261265
250,47.6407743454684
250,50.7770029995492
250,37.996175657998
250,50.1209451123153
250,54.1212571142393
250,58.9153227320994
250,43.3100231839955
250,51.9727966095804
250,51.8621021306129
250,47.129202622702
250,49.4109669766376
250,34.6666754261019
250,48.0980096734501
250,52.8536591375227
250,46.0247539775277
250,49.9079895293937
250,45.1006415248834
250,49.5356165719549
250,52.6838967695721
250,41.9249291664471
250,51.8566293815481
250,41.510626470347
250,42.6166375005463
250,37.1593914286552
250,43.4148981199919
250,37.9189024751733
250,51.440322479322
250,45.1052391234158
250,58.0347363077152
250,49.2031010624167
250,47.5359162613041
250,40.6975079556834
250,48.4627013573812
250,39.9164095947672
250,56.1445608505864
250,50.4452403491095
250,45.0733467285078
250,50.7321615612373
250,50.3126667274143
250,47.9354827051046
250,45.4295888082744
250,40.8489482268157
250,44.3908712290237
250,45.132211507625
250,53.7270214662993
250,41.3173327442911
250,39.1502398038165
250,61.1713596385694
250,48.0163371659645
250,43.6658655683353
250,51.974009453089
250,42.5317595279519
250,49.7449902717174
250,44.8159362816573
250,42.7111549386852
250,47.9721436671615
250,60.6357800927445
250,44.3611574618983
250,41.9770675151092
250,48.1321633349186
250,51.070038590463
250,50.5450922881436
250,39.2039208518244
250,47.1907762988956
250,46.7416544915703
250,45.5369753776618
250,46.3724372522937
250,42.0222283029723
250,40.784854378346
250,44.1421646172228
250,44.8839486029145
250,48.4376782604163
250,44.8381939954229
250,51.4951025914164
250,42.3777092145607
250,43.6816165584421
250,38.5398647877989
250,49.3397463961398
250,64.6711599542455
250,42.3460321198074
250,47.5000123630836
250,39.135440971821
250,48.2303043376677
250,62.0631527314296
250,37.2305265183065
250,45.4590739856762
250,46.8709754478781
250,44.506765150328
250,40.0552359703212
250,35.5677295418012
250,46.2764904977784
250,50.2103354070712
250,38.8531645727436
250,42.1363885826444
250,42.0735738283818
250,44.7113644759794
250,44.5169579438525
250,45.9001069876873
250,44.0773216044295
250,37.8761598962274
250,56.4882679881207
250,46.2371977076751
250,50.1486122735237
250,48.8760006707393
250,52.9804549235645
250,46.8234435491852
250,50.4445477036755
250,53.8420490894119
250,43.8681715131634
250,70.1944203249798
250,38.3258922093047
250,42.9356061415722
250,53.6746013531292
250,52.1499272591805
250,47.3003206985289
250,44.2271976044565
250,51.1657924855725
250,52.4924288501784
250,50.9998915218724
250,42.4449464597879
250,52.8432151880026
250,39.0416014256262
250,44.9510267540532
250,61.0636100552339
250,54.1257841792281
250,39.5475753890817
